id,subreddit,text,label
1,sexualhealth,People keep saying unalive instead of using the actual word because posts get taken down,algospeak
2,sexualhealth,I am worried I might have an STI after unprotected sex and I don’t know where to go,algospeak
3,sexualhealth,Some users replace words with emojis or strange spellings to avoid moderation,algospeak
4,sexualhealth,I had sex for the first time and now I feel anxious about pregnancy,explicit
5,sexualhealth,Using terms like seggs instead of the real word seems common on here,algospeak
6,sexualhealth,Does anyone know how long symptoms of chlamydia usually take to appear,explicit
7,sexualhealth,People talk in coded ways so the algorithm does not flag their posts,algospeak
8,sexualhealth,I am embarrassed to ask but is bleeding after intercourse normal,explicit
9,sexualhealth,I noticed people say corn when they clearly mean something else,algospeak
10,sexualhealth,My partner and I are trying to be safe but condoms sometimes break,neutral
11,sexualhealth,Certain words automatically trigger moderation so users invent new ones,algospeak
12,sexualhealth,I feel pain during sex and I’m not sure if this is something serious,explicit
13,sexualhealth,Some comments use playful language to hide what they are really talking about,algospeak
14,sexualhealth,Can stress delay a period even if there is no pregnancy,neutral
15,sexualhealth,People keep changing vocabulary once moderators catch on,algospeak
16,sexualhealth,I am scared to go to the doctor but I think I might need an STI test,explicit
17,sexualhealth,Writing things indirectly feels safer than saying them directly online,algospeak
18,sexualhealth,How effective is emergency contraception if taken after 24 hours,explicit
19,sexualhealth,I’m not sure if this counts as algospeak or just slang,uncertain
20,sexualhealth,Some phrases only make sense if you understand the context,uncertain
21,sexualhealth,I keep seeing people say seggs instead of the real word so their posts stay up,algospeak
22,sexualhealth,Using weird spellings feels safer than saying things directly here,algospeak
23,sexualhealth,Some posts talk about doing the deed without ever naming it,algospeak
24,sexualhealth,I had intimate contact and now I’m worried about possible infections,explicit
25,sexualhealth,People swap letters or add symbols so the filter doesn’t catch it,algospeak
26,sexualhealth,Is it normal to feel burning after intimacy or should I get checked,explicit
27,sexualhealth,I noticed folks saying spicy times when they clearly mean sex,algospeak
28,sexualhealth,My doctor mentioned testing but I’m nervous to book an appointment,neutral
29,sexualhealth,Certain phrases are understood without saying the actual thing,algospeak
30,sexualhealth,I think I might need emergency contraception but I’m unsure,explicit
31,sexualhealth,Some comments say doing adult stuff instead of naming it,algospeak
32,sexualhealth,Does anyone know if symptoms can appear weeks later,neutral
33,sexualhealth,People talk around the topic so bots don’t remove the post,algospeak
34,sexualhealth,I feel uncomfortable asking but pain during intimacy worries me,explicit
35,sexualhealth,Using baby words for adult topics seems very common online,algospeak
36,sexualhealth,I had protected sex but still feel anxious about risks,explicit
37,sexualhealth,Certain emojis are used to hint at things without saying them,algospeak
38,sexualhealth,How soon should someone test after possible exposure,neutral
39,sexualhealth,Users invent new slang once the old words get flagged,algospeak
40,sexualhealth,I don’t know if this is serious enough to see a professional,neutral
41,sexualhealth,People say doing stuff instead of spelling it out,algospeak
42,sexualhealth,Is spotting after intercourse something to worry about,explicit
43,sexualhealth,I saw posts using numbers or symbols to dodge filters,algospeak
44,sexualhealth,My partner and I are trying to be responsible but I’m still stressed,neutral
45,sexualhealth,Some phrases only make sense if you know the code,algospeak
46,sexualhealth,I’m embarrassed to ask but how accurate are home tests,explicit
47,sexualhealth,Talking indirectly feels like the norm in these discussions,algospeak
48,sexualhealth,Can anxiety cause physical symptoms that feel serious,neutral
49,sexualhealth,People replace words once moderation catches up,algospeak
50,sexualhealth,I’m unsure whether this question crosses any rules,uncertain
51,sexualhealth,People say sleeping together instead of naming it so posts don’t get flagged,algospeak
52,sexualhealth,I had close contact and now I’m stressed about possible risks,explicit
53,sexualhealth,Some users avoid certain words completely and just hint at them,algospeak
54,sexualhealth,Is itching after intimacy always a sign of infection,explicit
55,sexualhealth,I’ve seen people use childish words to talk about adult topics,algospeak
56,sexualhealth,How long does it usually take to get test results back,neutral
57,sexualhealth,They replace vowels with symbols so filters miss it,algospeak
58,sexualhealth,I’m worried because something doesn’t feel normal after sex,explicit
59,sexualhealth,Certain code words seem to mean different things depending on context,algospeak
60,sexualhealth,Can birth control fail even when used correctly,neutral
61,sexualhealth,People just say stuff happened instead of explaining what happened,algospeak
62,sexualhealth,I feel awkward asking but pain afterward is concerning me,explicit
63,sexualhealth,Some comments rely on shared understanding rather than explicit words,algospeak
64,sexualhealth,Does anyone know if symptoms can come and go,neutral
65,sexualhealth,Using abbreviations feels like another way to avoid moderation,algospeak
66,sexualhealth,I had consensual sex but now feel anxious about consequences,explicit
67,sexualhealth,People talk about being active instead of saying what they did,algospeak
68,sexualhealth,Is it normal to feel soreness the next day,neutral
69,sexualhealth,Certain phrases seem designed only to fool algorithms,algospeak
70,sexualhealth,I’m scared something might be wrong but I don’t know yet,neutral
71,sexualhealth,I noticed people say adult activities instead of spelling it out,algospeak
72,sexualhealth,Can anxiety make physical symptoms feel worse,neutral
73,sexualhealth,Some slang feels intentionally vague so it passes moderation,algospeak
74,sexualhealth,I had intercourse and now I’m experiencing discomfort,explicit
75,sexualhealth,People switch language once certain words become risky,algospeak
76,sexualhealth,How accurate are rapid tests compared to clinic tests,neutral
77,sexualhealth,Talking in circles seems safer than saying things clearly,algospeak
78,sexualhealth,I’m unsure if this is something I should be worried about,uncertain
79,sexualhealth,Certain emojis are enough for people to understand the meaning,algospeak
80,sexualhealth,I feel nervous bringing this up with a professional,neutral
81,sexualhealth,People hint at what happened without ever saying it,algospeak
82,sexualhealth,Is discharge after sex always abnormal,explicit
83,sexualhealth,Some posts feel like riddles unless you know the slang,algospeak
84,sexualhealth,I don’t know if this is related to stress or something else,uncertain
85,sexualhealth,Users adapt language faster than moderation rules,algospeak
86,sexualhealth,How long should someone wait before getting tested,neutral
87,sexualhealth,People say did stuff together instead of explaining,algospeak
88,sexualhealth,I’m worried because symptoms haven’t gone away,explicit
89,sexualhealth,Certain words disappear once bots learn them,algospeak
90,sexualhealth,Is it okay to wait before seeing a doctor,neutral
91,sexualhealth,Some phrases only exist to dodge automated filters,algospeak
92,sexualhealth,I feel uncomfortable but I don’t know if it’s serious,uncertain
93,sexualhealth,People avoid direct language even when asking for help,algospeak
94,sexualhealth,Can infections be asymptomatic for a long time,neutral
95,sexualhealth,The language keeps evolving once moderation reacts,algospeak
96,sexualhealth,I’m anxious because I don’t have clear answers yet,neutral
97,sexualhealth,Certain coded terms are obvious only if you’ve seen them before,algospeak
98,sexualhealth,Should I be concerned if something feels different,uncertain
99,sexualhealth,People rely on implication instead of explicit wording,algospeak
100,sexualhealth,I want to ask for advice but don’t want the post removed,algospeak
